{"schemaVersion":"1.0","appDefinitionTemplate":{"id":"/providers/Microsoft.PowerApps/apps/","type":"Microsoft.PowerApps/apps","tags":{"primaryDeviceWidth":"640","primaryDeviceHeight":"1136","supportsPortrait":"true","supportsLandscape":"true","primaryFormFactor":"Phone","showStatusBar":"false","publisherVersion":"3.25054.3","minimumRequiredApiVersion":"2.2.0","hasComponent":"false","hasUnlockedComponent":"false","isUnifiedRootApp":"false","sienaVersion":"20250607T155453Z-3.25054.3.0"},"properties":{"appVersion":"2025-06-07T15:54:53Z","lifeCycleId":"Published","createdByClientVersion":{"major":3,"minor":25054,"build":3,"revision":0,"majorRevision":0,"minorRevision":0},"minClientVersion":{"major":3,"minor":25054,"build":3,"revision":0,"majorRevision":0,"minorRevision":0},"backgroundColor":"RGBA(0,176,240,1)","backgroundImageUri":"/13406442501996921039/N1b59e653-aab2-4384-a0f6-71e1590efb76-logoSmallFile","displayName":"App_form","description":"","commitMessage":"","appUris":{"documentUri":{"value":"/13406442501996921039/Nb3ca10e3-49f6-496e-a9e3-10c870b35f4f-document.msapp"},"imageUris":[],"additionalUris":[{"isSolutionAware":false,"value":"/13406442501996921039/Nffa9fd6a-8074-44a5-9e69-d6fbc2b3ae7d-identity.json"}]},"createdTime":"0001-01-01T00:00:00Z","lastModifiedTime":"0001-01-01T00:00:00Z","sharedGroupsCount":0,"sharedUsersCount":0,"connectionReferences":{"59e76cd4-c5f6-4ccd-83fc-db25ff8893ba":{"id":"ade2d75a-9af9-49da-815a-f6e017a45804","displayName":"SharePoint","iconUri":"https://conn-afd-prod-endpoint-bmc9bqahasf3grgk.b01.azurefd.net/releases/v1.0.1746/1.0.1746.4174/sharepointonline/icon.png","dataSources":["Invoices"],"dependencies":[],"dependents":[],"parameterHints":{},"parameterHintsV2":{},"isOnPremiseConnection":false,"bypassConsent":false,"dataSets":{"https://hsrworg-my.sharepoint.com/personal/divyam-manojkumar_talreja_hsrw_org":{"dataSources":{"Invoices":{"tableName":"3ea62cec-eb04-4e6f-a74e-47d3403788f1"}}}},"apiTier":"Standard","isCustomApiConnection":false,"actions":["providers/PowerPlatform.Governance/Operations/Read","providers/PowerPlatform.Governance/Operations/Write"]}},"databaseReferences":{},"almMode":"Environment","performanceOptimizationEnabled":true,"canConsumeAppPass":true,"enableModernRuntimeMode":false,"executionRestrictions":{"isTeamsOnly":false,"dataLossPreventionEvaluationResult":{"status":"Compliant","lastEvaluationDate":"2025-06-07T15:54:56.0749395Z","violations":[],"violationsByPolicy":[],"violationErrorMessage":"The app uses the following connectors: shared_sharepointonline."}}},"isAppComponentLibrary":false,"appType":"ClassicCanvasApp","appComponents":[]}}